sample_id,text_excerpt,word_count,approx_flesch_score,grammar_issues,vocabulary_diversity_pct,quality_label
1,i done the work yesterday it was hard work hard work is good,13,92,3,46,Needs Work
2,social media is good for business.social media help people.people use social media daily,15,68,2,53,Needs Work
3,The the project is done.It need review,7,75,3,71,Needs Work
4,marketing is marketing.you need marketing for your business.marketing helps,12,80,1,33,Needs Work
5,i work hard everyday i do my best work everyday working is important everyday,14,89,2,35,Needs Work
6,website is website.you need website.website is good.website can help,12,82,1,30,Needs Work
7,logo is important logo must be nice logo helps business logo should be simple,15,79,1,38,Needs Work
8,data is data.we need data.data is everywhere.collect the data.use the data,15,80,2,33,Needs Work
9,customer want good product.good product make customer happy.happy customer buy again,14,71,1,60,Needs Work
10,freelancing is good job.you can earn money.money is good.freelancing give money,15,81,1,56,Needs Work
11,Social media marketing involves creating content to engage audiences. Platforms like Instagram and Facebook are used. Businesses benefit from regular posting and interaction with followers.,32,55,1,65,Satisfactory
12,Graphic design is the practice of creating visual content. Designers use tools like Adobe Illustrator. Good design communicates a message clearly to the viewer.,30,58,0,68,Satisfactory
13,Search engine optimization improves website visibility. It involves using keywords and quality content. Higher rankings lead to more organic traffic for businesses.,27,52,0,71,Satisfactory
14,WordPress is a popular content management system. It allows users to build websites without coding. Many themes and plugins extend its functionality.,27,56,0,70,Satisfactory
15,Data analytics involves examining datasets to draw conclusions. Analysts use tools like Excel and Python. The insights help organizations make better decisions.,28,54,0,71,Satisfactory
16,"QuickBooks is an accounting software used by small businesses. It manages invoices, payroll, and tax filing. Many bookkeepers use it to track expenses and income.",29,50,0,72,Satisfactory
17,AutoCAD is a software application for computer-aided design. It is widely used in architecture and engineering. Users create detailed 2D and 3D drawings with precision.,28,48,0,72,Satisfactory
18,E-commerce platforms allow businesses to sell products online. Shopify and WooCommerce are popular choices. Setting up an online store requires product listings and payment integration.,29,46,0,72,Satisfactory
19,Content writing requires strong research and communication skills. Writers must adapt their tone to different audiences. Consistent quality is essential for building readership.,27,53,0,71,Satisfactory
20,Programming involves writing instructions for computers to execute. Languages like Python and JavaScript are widely used. Developers solve problems through logical thinking and code.,27,52,0,67,Satisfactory
21,"Effective social media marketing requires a consistent brand voice, regular content creation, and active community engagement. By analyzing performance metrics such as reach and conversion rates, businesses can refine their strategy to maximize return on investment. Platforms like Instagram, LinkedIn, and TikTok each demand tailored content formats and audience approaches.",59,45,0,75,Good
22,"Search engine optimization is a multifaceted discipline combining technical website improvements, high-quality content creation, and strategic link building. By targeting the right keywords and ensuring fast page load speeds, businesses can significantly improve their organic search rankings. Long-term SEO success depends on understanding user intent and consistently delivering valuable content.",52,42,0,77,Good
23,"Graphic design principles such as balance, contrast, and hierarchy guide the creation of visually compelling materials. Professional designers use color psychology to evoke emotional responses and typography to enhance readability. A well-crafted design communicates the brand message at first glance while maintaining aesthetic coherence.",47,40,0,76,Good
24,"Data analytics empowers organizations to transform raw numbers into actionable insights. By applying statistical methods, machine learning algorithms, and visualization techniques, analysts uncover patterns that inform strategic decisions. The ability to communicate findings clearly to non-technical stakeholders is equally important as technical proficiency.",49,38,0,78,Good
25,"Modern e-commerce success depends on user experience, product discovery, and trust signals such as reviews and secure checkout. Optimizing product pages with high-quality images, compelling descriptions, and relevant keywords drives both organic traffic and conversions. Post-purchase engagement through email sequences helps build long-term customer loyalty.",53,40,0,74,Good
26,"WordPress development has evolved from simple blogging to powering complex enterprise websites. Custom themes and plugins extend its functionality, while optimization techniques ensure fast load times and strong security. Understanding the WordPress hooks system and REST API opens doors to highly customized solutions.",47,38,0,75,Good
27,"Effective freelancing requires more than technical skills. Successful freelancers establish clear contracts, communicate proactively with clients, and deliver work on time. Building a strong portfolio and collecting testimonials accelerates reputation growth on platforms such as Upwork and Fiverr.",46,48,0,74,Good
28,"AutoCAD proficiency enables engineers and architects to produce precise technical drawings that meet industry standards. Understanding layer management, dimensioning conventions, and file export formats ensures smooth collaboration with manufacturers and contractors. Advanced users leverage AutoLISP scripts to automate repetitive drafting tasks.",45,35,0,76,Good
29,"QuickBooks streamlines financial management for small and medium businesses by automating bank reconciliation, invoice generation, and tax reports. Regular monthly reconciliations prevent discrepancies from accumulating and simplify year-end accounting. Integration with third-party apps further extends its utility for payroll and inventory management.",50,34,0,72,Good
30,"Digital marketing campaigns succeed when they align channel selection, messaging, and timing with audience behavior data. A well-structured funnel guides potential customers from awareness through consideration to conversion, with remarketing sequences recapturing those who did not initially convert. Continuous A/B testing refines ad creatives and landing page designs.",55,32,0,75,Good
31,"Professional content writing transcends mere word placement; it demands a nuanced understanding of the target audience's pain points, search intent, and content consumption habits. Skilled writers integrate primary and secondary keywords naturally while maintaining a compelling narrative arc that guides readers toward a specific action. The most effective content balances informational depth with accessibility, ensuring that complex ideas are communicated without alienating the intended readership. Consistency in tone, factual accuracy, and structural clarity distinguishes content that merely informs from content that genuinely influences decision-making and builds lasting brand authority.",108,40,0,80,Excellent
32,"Machine learning applications in e-commerce have fundamentally reshaped how platforms personalize shopping experiences at scale. Recommendation algorithms analyze browsing history, purchase patterns, and demographic signals to surface products with the highest likelihood of conversion, dramatically reducing time-to-purchase for returning customers. Natural language processing powers sentiment analysis of reviews, enabling product teams to rapidly identify quality issues and improvement opportunities. Meanwhile, predictive inventory models minimize stockouts during peak demand periods by forecasting sales velocity weeks in advance, directly translating to improved customer satisfaction metrics and reduced operational costs.",105,28,0,82,Excellent
33,"Effective data visualization communicates complex analytical findings with clarity and precision, transforming raw statistical outputs into narratives that non-technical stakeholders can readily comprehend and act upon. Choosing the appropriate chart type for each data relationship — whether a scatter plot to reveal correlations, a heatmap to highlight density patterns, or a waterfall chart to illustrate sequential contributions — is as critical as the underlying analysis itself. Color encoding, annotation placement, and interactive filtering further enhance comprehension, particularly in executive dashboards where decision-makers require immediate insights without navigating layers of data. Accessibility considerations, including colorblind-safe palettes and sufficient contrast ratios, ensure that visualizations serve diverse audiences effectively.",110,25,0,83,Excellent
34,"The architecture of a scalable web application rests on careful separation of concerns between the presentation layer, business logic, and data persistence mechanisms. Adopting RESTful API design principles ensures that frontend clients and third-party integrations can interact with backend services predictably and efficiently. Containerization through Docker and orchestration via Kubernetes enables horizontal scaling in response to traffic spikes without manual intervention. Rigorous automated testing — encompassing unit, integration, and end-to-end suites — combined with continuous integration pipelines, ensures that new features are deployed with confidence and that regressions are caught before reaching production environments.",104,22,0,81,Excellent
35,"Strategic digital marketing begins with a thorough understanding of the customer journey, from initial brand awareness through consideration, purchase, and post-sale advocacy. Each stage demands distinct content formats and messaging strategies; awareness campaigns benefit from broad reach and emotional resonance, while conversion-focused assets prioritize clarity, social proof, and frictionless calls to action. Attribution modeling — whether first-touch, last-touch, or data-driven — determines how credit is distributed across channels, informing budget allocation decisions. Organizations that treat their marketing stack as an integrated ecosystem, with consistent data flows between CRM, analytics, and advertising platforms, consistently outperform those operating in disconnected silos.",112,22,0,82,Excellent
36,"AutoCAD has remained the industry standard for technical drafting because of its precision, extensibility, and interoperability with allied software such as Revit, Civil 3D, and Navisworks. Mastery extends beyond drawing commands to encompass layer standards, external reference management, and dynamic block creation, which collectively accelerate production workflows and ensure consistency across large project teams. In the context of building information modeling, AutoCAD drawings serve as the foundational layer upon which three-dimensional models are constructed, necessitating strict adherence to coordinate systems and annotation scale standards. The adoption of AutoLISP and .NET API scripting further distinguishes expert users who automate repetitive tasks and enforce company drafting standards programmatically.",115,20,0,83,Excellent
37,"Accounting accuracy in a growing business depends on establishing robust chart-of-account structures, consistent categorization conventions, and disciplined monthly close procedures. QuickBooks Online facilitates these practices through class and location tracking, which enables granular reporting across business units without maintaining separate company files. Integration with bank feeds reduces manual data entry errors and accelerates reconciliation, while the audit trail feature provides accountability by recording every transaction modification with user and timestamp details. As businesses scale, transitioning to accrual-based accounting and leveraging QuickBooks advanced reporting capabilities ensures that financial statements comply with generally accepted accounting principles and support strategic planning conversations with investors and lenders.",111,20,0,82,Excellent
38,"The discipline of user experience design extends far beyond aesthetic preference to encompass deep empathy with end users, rigorous usability testing, and iterative refinement based on behavioral evidence. Effective UX designers begin with thorough discovery phases — interviews, contextual observation, and competitive analysis — before translating insights into information architectures and low-fidelity prototypes that can be validated inexpensively. High-fidelity mockups produced in Figma or Adobe XD serve as precise specifications for development teams, reducing implementation ambiguity and costly late-stage revisions. Accessibility standards, including WCAG 2.1 Level AA compliance, are integrated from the outset rather than retrofitted, ensuring that digital products serve users with visual, motor, and cognitive disabilities.",113,20,0,83,Excellent
39,"Freelance project management demands a distinctive blend of technical expertise, interpersonal agility, and commercial awareness that differs substantially from in-house roles. Without an organizational structure providing administrative support, freelancers must establish their own client onboarding processes, contract templates, and invoicing workflows, all while maintaining the quality of deliverables across simultaneous engagements. Effective scope management — clearly defining deliverables, revision limits, and acceptance criteria in the initial proposal — prevents scope creep, which is the leading cause of budget overruns on fixed-price projects. Building a referral network through exceptional work quality and proactive communication compounds earnings growth over time far more reliably than advertising spend alone.",112,25,0,82,Excellent
40,"Programmatic advertising has transformed digital marketing by enabling real-time, data-driven ad placement decisions across millions of impression opportunities simultaneously. Demand-side platforms evaluate each available impression against audience segments, bidding strategies, and campaign performance data within milliseconds, optimizing spend toward the audiences most likely to convert at the target cost per acquisition. Brand safety filters, frequency capping, and viewability standards are essential safeguards that prevent budget wastage on low-quality inventory. As third-party cookie deprecation reshapes identity resolution in the advertising ecosystem, contextual targeting and first-party data strategies are gaining renewed prominence among performance marketers seeking privacy-compliant alternatives.",118,18,0,84,Excellent
41,Freelancing platforms connect clients with skilled workers globally. Building a strong profile is the first step to getting projects. Clear communication and timely delivery build long-term client relationships.,33,60,0,68,Satisfactory
42,i like designing logos because logos are important.logos help business.business need logos.i design good logos everyday,18,85,2,38,Needs Work
43,"Python is a versatile programming language used in web development, data science, and automation. Its clear syntax makes it accessible to beginners while remaining powerful for advanced applications. The extensive library ecosystem accelerates development across many domains.",42,44,0,74,Good
44,"WordPress powers over forty percent of all websites on the internet, making it the most widely deployed content management system globally. Its plugin ecosystem of over sixty thousand extensions enables virtually any functionality without custom development. Understanding WordPress architecture — themes, hooks, and the block editor — is valuable for both designers and developers.",57,36,0,75,Good
45,email marketing give good ROI.you send email to customers.customers read email.customers buy product.email is cheap marketing method.use email for your business,25,75,1,50,Needs Work
46,"Maintaining accurate financial records requires discipline and consistency. Regular bank reconciliation identifies discrepancies early, preventing larger issues at year-end. Categorizing transactions correctly from the start ensures that tax filings are straightforward.",38,47,0,73,Satisfactory
47,"The integration of artificial intelligence into digital marketing workflows enables unprecedented personalization at scale, allowing brands to deliver contextually relevant messages at precisely the right moment in each customer's decision journey. Predictive lead scoring identifies high-intent prospects before they explicitly signal purchase readiness, enabling sales teams to prioritize outreach efficiently. As AI tools become commoditized, competitive differentiation will increasingly depend on the quality of first-party data, the sophistication of audience segmentation, and the human creativity applied to campaign strategy and creative development.",100,25,0,80,Excellent
48,graphic design need creativity.you must know adobe tools.illustrator is important.photoshop is also important.learn design principles.color is important in design,23,80,1,55,Needs Work
49,"Effective data analysis begins with clearly defined business questions that guide the selection of data sources, analytical methods, and visualization formats. Exploratory data analysis surfaces unexpected patterns that can reshape initial hypotheses, while confirmatory techniques provide statistical rigor before recommendations reach decision-makers. Communicating uncertainty — through confidence intervals, sensitivity analyses, and explicit assumption statements — is as important as presenting the central finding.",69,32,0,78,Good
50,"AutoCAD drawings must adhere to industry standards to ensure that fabricators and contractors can interpret specifications without ambiguity. Dimensioning conventions, line weights, and title block requirements vary across disciplines, making awareness of relevant standards such as ISO 128 and ANSI Y14.5 essential for professional practice. File management practices, including version control and layer naming conventions, prevent costly errors when multiple team members collaborate on a single drawing set.",73,28,0,78,Good
